{
     "formatVersion": 1,
     "passTypeIdentifier" : "pass.example.giftcard",
     "organizationName" : "Example Inc",
     "serialNumber" : "testserialnumber",
     "teamIdentifier" : "testteamid",
     "webServiceURL" : "https://example.com/",
     "authenticationToken" : "ABABABABABABABAB",
     "barcode" : {
        "message" : "gift_card.code",
        "altText" : "format_barcode_key",
        "format" : "PKBarcodeFormatPDF417",
        "messageEncoding" : "iso-8859-1"
      },
      "description" : "Gift Card",
      "logoText" : "Logo Text",
      "foregroundColor" : "",
      "backgroundColor" : "",
      "storeCard" : {
        "primaryFields" : [
          ],
        "secondaryFields" : [
        {
          "key" : "balance",
          "label" : "Balance",
          "value" : 50,
          "currencyCode" : "USD"
        }
        ],
        "auxiliaryFields" : [
        ],
        "backFields" : [
        {
          "key" : "terms",
          "label" : "TERMS AND CONDITIONS",
          "value" : "Generico offers this pass, including all information, software, products and services available from this pass or offered as part of or in conjunction with this pass (the \"pass\"), " +
          "to you, the user, conditioned upon your acceptance of all of the terms, conditions, policies and notices stated here. Generico reserves the right to make changes to these Terms and Conditions immediately by posting the changed " +
          "Terms and Conditions in this location.\n\nUse the pass at your own risk. This pass is provided to you \"as is,\" without warranty of any kind either express or implied. Neither Generico nor its employees, agents, " +
          "third-party information providers, merchants, licensors or the like warrant that the pass or its operation will be accurate, reliable, uninterrupted or error-free. No agent or representative has the authority to create any " +
          "warranty regarding the pass on behalf of Generico. Generico reserves the right to change or discontinue at any time any aspect or feature of the pass."
        }
        ]
      }
    }
